[
  {
    "id": "8e43951d-b29b-4817-ad0e-3537d012adf0",
    "data": [
      {
        "text": "Check ",
        "userDefined": false
      },
      {
        "text": "today",
        "meta": "@sys.ignore",
        "userDefined": false
      },
      {
        "text": "\u0027s daily deal?",
        "userDefined": false
      }
    ],
    "isTemplate": false,
    "count": 0,
    "updated": 0
  },
  {
    "id": "feb4acc8-2ba6-4eb0-97a6-a686be67140f",
    "data": [
      {
        "text": "What\u0027s the game that is on sale ",
        "userDefined": false
      },
      {
        "text": "today",
        "meta": "@sys.ignore",
        "userDefined": false
      },
      {
        "text": "?",
        "userDefined": false
      }
    ],
    "isTemplate": false,
    "count": 0,
    "updated": 0
  },
  {
    "id": "f5461558-ca16-43b9-95e6-40369e7987e7",
    "data": [
      {
        "text": "Which game is the deal of the day?",
        "userDefined": false
      }
    ],
    "isTemplate": false,
    "count": 0,
    "updated": 0
  },
  {
    "id": "5f2675de-1ae7-4559-bfd3-5eb103e8b28f",
    "data": [
      {
        "text": "What game is for sale?",
        "userDefined": false
      }
    ],
    "isTemplate": false,
    "count": 0,
    "updated": 0
  },
  {
    "id": "180f8b7d-93aa-4d36-a57e-8600824fe243",
    "data": [
      {
        "text": "What is the discount ",
        "userDefined": false
      },
      {
        "text": "today",
        "meta": "@sys.ignore",
        "userDefined": false
      },
      {
        "text": "?",
        "userDefined": false
      }
    ],
    "isTemplate": false,
    "count": 0,
    "updated": 0
  },
  {
    "id": "e3eb83e4-bfb8-4c22-aa32-8194ab40f71f",
    "data": [
      {
        "text": "What\u0027s on sale ",
        "userDefined": false
      },
      {
        "text": "today",
        "meta": "@sys.ignore",
        "userDefined": false
      },
      {
        "text": "?",
        "userDefined": false
      }
    ],
    "isTemplate": false,
    "count": 0,
    "updated": 0
  },
  {
    "id": "a88c3206-29a8-40ad-ba53-978bd165b508",
    "data": [
      {
        "text": "what is ",
        "userDefined": false
      },
      {
        "text": "today",
        "meta": "@sys.ignore",
        "userDefined": false
      },
      {
        "text": "\u0027s deal",
        "userDefined": false
      }
    ],
    "isTemplate": false,
    "count": 0,
    "updated": 0
  },
  {
    "id": "9b4e12fb-3b8f-447f-b4ba-2c449bce5ba3",
    "data": [
      {
        "text": "today",
        "meta": "@sys.ignore",
        "userDefined": false
      },
      {
        "text": "\u0027s deal",
        "userDefined": false
      }
    ],
    "isTemplate": false,
    "count": 0,
    "updated": 0
  }
]